Workbook

Sheet 閱讀說明
A1: 後室管理局 TRPG —— 空白探險員角色卡
A3: 本檔案提供探險員的獨立 Excel 角色卡模板，與玩家規則書附錄 B 欄位一致。
A4: 分頁說明：
A5: • 空白探險員角色卡 — 未填寫的模板，紫色欄位會依輸入自動計算。
A6: • 範例_林雨晴 — 見習（EL1）醫療探險員，展示基礎欄位。
A7: • 範例_許淑華 — 資深（EL3）醫療/交涉雙專長，展示次專長與特殊能力。
A9: 自動計算欄位：等級名稱、任務加值、晉升剩餘、特殊能力、專長加值、壓力/存在感提示。
A10: 相關規則：經驗等級 §4.2、五大專長 §4.3、心理狀態 §4.4、合約 §4.5、狀態效果 §4.7、存在感 §4.8；GM 版見 §2.9–§2.11。
A11: 招募來源：GM 附錄 C（100 人探險員生成池）。

Sheet 隨機抽取
A1: 後室管理局 —— 隨機抽取探險員
A2: 抽出序號（按 F9 重新抽籤） | B2: =RANDBETWEEN(2,101)
A3: 基本資料 | H3: 使用方法
A4: 姓名 | B4: =INDEX('探險員池'!B:B,$B$2) | C4: 性別 | D4: =INDEX('探險員池'!C:C,$B$2) | E4: 年齡 | F4: =INDEX('探險員池'!D:D,$B$2) | H4: 1. 本分頁從隱藏的「探險員池」工作表（共 100 人）隨機抽取一位探險員。
A5: 編號 | B5: =INDEX('探險員池'!E:E,$B$2) | C5: 部門 | D5: =INDEX('探險員池'!F:F,$B$2) | E5: 狀態（ST） | F5: 待命中 | H5: 2. 抽出序號（B2）使用 =RANDBETWEEN(2,101)；各欄位以 INDEX 自動帶入，無需手填。
H6: 3. 本活頁簿「計算選項」已設為「手動」：編輯其他儲存格時不會自動重抽。
A7: 經驗與成長 | H7: 4. 想換一位 → 按 F9（或「公式」頁籤的「立即計算」）重新抽籤。
A8: 經驗等級（EL） | B8: =INDEX('探險員池'!G:G,$B$2) | C8: 等級名稱 | D8: =IF(B8=1,"見習",IF(B8=2,"正式",IF(B8=3,"資深",IF(B8=4,"菁英",IF(B8=5,"傳奇",""))))) | E8: 任務加值 | F8: =IF(B8=1,5,IF(B8=2,10,IF(B8=3,15,IF(B8=4,20,IF(B8=5,25,0))))) | H8: 5. 抽中滿意的人 → 選取卡片區（A1:F30），複製 →「選擇性貼上 → 值」鎖定，再填寫合約週薪／剩餘回合後另存。
A9: 完成任務次數 | B9: 0 | C9: 晉升所需總次數 | D9: =IF(B8=1,5,IF(B8=2,20,IF(B8=3,50,IF(B8=4,"—","—")))) | E9: 距離晉升剩餘 | F9: =IF(B8=1,MAX(0,5-B9),IF(B8=2,MAX(0,20-B9),IF(B8=3,MAX(0,50-B9),IF(B8=4,"不可晉升","已達頂")))) | H9: 6. 紫色底＝自動計算／帶入欄；黃色底＝抽籤控制；白色＝手動填寫欄。
A10: 特殊能力 | B10: =IF(B8=3,"冷靜頭腦：每任務可重擲一次壓力檢定",IF(B8=4,"專業直覺：準備階段獲一條額外情報線索",IF(B8=5,"傳奇意志：免疫崩潰，壓力鎖定9，最後一搏","無"))) | H10: 7. 資料來源：GM 規則書附錄 C（100 人探險員生成池）。特殊「雙主專長」者次專長欄顯示「無」。
A12: 專長
A13: 主專長（SPC） | B13: =INDEX('探險員池'!H:H,$B$2) | C13: 次專長（SPC） | D13: =INDEX('探險員池'!I:I,$B$2) | E13: 專長加值 | F13: =5+IF(OR(D13="無",D13=""),0,3)
A15: 心理與存在
A16: 心理狀態（MS） | B16: 穩定 | C16: 壓力值（STR） | D16: 0 | E16: 存在感（EXI） | F16: 10
A17: 壓力惡化提示 | B17: =IF(D16>=8,"⚠ 接近崩潰",IF(D16>=5,"緊張累積中","穩定"))
A19: 合約
A20: 合約類型（CNT） | B20: =IF(B8=1,"見習合約",IF(B8=3,"資深合約",IF(B8=4,"菁英合約","特殊合約"))) | C20: 週薪 | D20: (填寫) | E20: 剩餘回合 | F20: (填寫)
A21: 特殊條款 | B21: (填寫)
A23: 當前狀態（ST）
A24: ■ 待命中 □ 任務中 □ 負傷(輕/中/重) □ 失蹤 □ 死亡
A25: 背景摘要
A26: =INDEX('探險員池'!J:J,$B$2)
A28: 特殊能力詳述 / 備註
A29: （依等級見 B10；狀態效果見玩家規則書 §4.7 / GM §2.10；存在感規則見 GM §2.11）

Sheet 空白探險員角色卡
A1: 後室管理局 —— 探險員角色卡
A3: 基本資料
A4: 姓名 | B4: (填寫) | C4: 性別 | D4: (填寫) | E4: 年齡 | F4: (填寫)
A5: 編號 | B5: (填寫) | C5: 部門 | D5: (填寫) | E5: 狀態（ST） | F5: 待命中
A7: 經驗與成長
A8: 經驗等級（EL） | B8: (1-5) | C8: 等級名稱 | D8: =IF(B8=1,"見習",IF(B8=2,"正式",IF(B8=3,"資深",IF(B8=4,"菁英",IF(B8=5,"傳奇",""))))) | E8: 任務加值 | F8: =IF(B8=1,5,IF(B8=2,10,IF(B8=3,15,IF(B8=4,20,IF(B8=5,25,0)))))
A9: 完成任務次數 | B9: (填寫) | C9: 晉升所需總次數 | D9: =IF(B8=1,5,IF(B8=2,15,IF(B8=3,35,IF(B8=4,"—","—")))) | E9: 距離晉升剩餘 | F9: =IF(B8=1,MAX(0,5-B9),IF(B8=2,MAX(0,15-B9),IF(B8=3,MAX(0,35-B9),IF(B8=4,"不可晉升","已達頂"))))
A10: 特殊能力 | B10: =IF(B8=3,"冷靜頭腦：每任務可重擲一次壓力檢定",IF(B8=4,"專業直覺：準備階段獲一條額外情報線索",IF(B8=5,"傳奇意志：免疫崩潰，壓力鎖定9，最後一搏","無")))
A12: 專長
A13: 主專長（SPC） | B13: (填寫) | C13: 次專長（SPC） | D13: (無/填寫) | E13: 專長加值 | F13: =5+IF(OR(D13="無",D13=""),0,IF(D13=B13,5,3))
A15: 心理與存在
A16: 心理狀態（MS） | B16: 穩定 | C16: 壓力值（STR） | D16: 0 | E16: 存在感（EXI） | F16: 10
A17: 壓力惡化提示 | B17: =IF(D16>=8,"⚠ 接近崩潰",IF(D16>=5,"緊張累積中","穩定"))
A19: 合約
A20: 合約類型（CNT） | B20: (填寫) | C20: 週薪 | D20: (填寫) | E20: 剩餘回合 | F20: (填寫)
A21: 特殊條款 | B21: (填寫)
A23: 當前狀態（ST）
A24: □ 待命中 □ 任務中 □ 負傷(輕/中/重) □ 失蹤 □ 死亡
A25: 背景摘要
A26: (填寫背景資料)
A28: 特殊能力詳述 / 備註
A29: (依等級見 F10 或玩家規則書 §4.2；狀態效果見 §4.7 / GM §2.10)
A31: 使用說明
A32: 1. 紫色底色為自動計算欄；白色為手動填寫欄。
A33: 2. 存在感（EXI）初始 10，遭遇「空洞」每 10 分鐘 −1，歸零者從所有人記憶消失（GM §2.11）。
A34: 3. 心理狀態：穩定/緊張/創傷/崩潰；壓力值 0–10 累積觸發惡化（見 §4.4）。
A35: 4. 招募產出來自 GM 附錄 C 的 100 人探險員池；范例外觀請參見本檔「範例」分頁。

Sheet 範例_林雨晴
A1: 後室管理局 —— 探險員角色卡
A3: 基本資料
A4: 姓名 | B4: 林雨晴 | C4: 性別 | D4: 女 | E4: 年齡 | F4: 24
A5: 編號 | B5: E-0021 | C5: 部門 | D5: 第七支部 | E5: 狀態（ST） | F5: 待命中
A7: 經驗與成長
A8: 經驗等級（EL） | B8: 1 | C8: 等級名稱 | D8: =IF(B8=1,"見習",IF(B8=2,"正式",IF(B8=3,"資深",IF(B8=4,"菁英",IF(B8=5,"傳奇",""))))) | E8: 任務加值 | F8: =IF(B8=1,5,IF(B8=2,10,IF(B8=3,15,IF(B8=4,20,IF(B8=5,25,0)))))
A9: 完成任務次數 | B9: 0 | C9: 晉升所需總次數 | D9: =IF(B8=1,5,IF(B8=2,15,IF(B8=3,35,IF(B8=4,"—","—")))) | E9: 距離晉升剩餘 | F9: =IF(B8=1,MAX(0,5-B9),IF(B8=2,MAX(0,15-B9),IF(B8=3,MAX(0,35-B9),IF(B8=4,"不可晉升","已達頂"))))
A10: 特殊能力 | B10: =IF(B8=3,"冷靜頭腦：每任務可重擲一次壓力檢定",IF(B8=4,"專業直覺：準備階段獲一條額外情報線索",IF(B8=5,"傳奇意志：免疫崩潰，壓力鎖定9，最後一搏","無")))
A12: 專長
A13: 主專長（SPC） | B13: 醫療 | C13: 次專長（SPC） | D13: 無 | E13: 專長加值 | F13: =5+IF(OR(D13="無",D13=""),0,IF(D13=B13,5,3))
A15: 心理與存在
A16: 心理狀態（MS） | B16: 穩定 | C16: 壓力值（STR） | D16: 0 | E16: 存在感（EXI） | F16: 10
A17: 壓力惡化提示 | B17: =IF(D16>=8,"⚠ 接近崩潰",IF(D16>=5,"緊張累積中","穩定"))
A19: 合約
A20: 合約類型（CNT） | B20: 見習合約 | C20: 週薪 | D20: 60 | E20: 剩餘回合 | F20: 12
A21: 特殊條款 | B21: 基礎醫療義務，無特殊條款
A23: 當前狀態（ST）
A24: ■ 待命中 □ 任務中 □ 負傷(輕/中/重) □ 失蹤 □ 死亡
A25: 背景摘要
A26: 曾是急診室護士，誤入後室後被管理局收編。手很穩。
A28: 特殊能力詳述 / 備註
A29: 新人階段尚無特殊能力；醫療專長+5，任務中可降低隊友傷勢一級（戰地急救）。
A31: 使用說明
A32: 1. 紫色底色為自動計算欄；白色為手動填寫欄。
A33: 2. 存在感（EXI）初始 10，遭遇「空洞」每 10 分鐘 −1，歸零者從所有人記憶消失（GM §2.11）。
A34: 3. 心理狀態：穩定/緊張/創傷/崩潰；壓力值 0–10 累積觸發惡化（見 §4.4）。
A35: 4. 招募產出來自 GM 附錄 C 的 100 人探險員池；范例外觀請參見本檔「範例」分頁。

Sheet 範例_許淑華
A1: 後室管理局 —— 探險員角色卡
A3: 基本資料
A4: 姓名 | B4: 許淑華 | C4: 性別 | D4: 女 | E4: 年齡 | F4: 31
A5: 編號 | B5: E-0007 | C5: 部門 | D5: 第七支部 | E5: 狀態（ST） | F5: 待命中
A7: 經驗與成長
A8: 經驗等級（EL） | B8: 3 | C8: 等級名稱 | D8: =IF(B8=1,"見習",IF(B8=2,"正式",IF(B8=3,"資深",IF(B8=4,"菁英",IF(B8=5,"傳奇",""))))) | E8: 任務加值 | F8: =IF(B8=1,5,IF(B8=2,10,IF(B8=3,15,IF(B8=4,20,IF(B8=5,25,0)))))
A9: 完成任務次數 | B9: 23 | C9: 晉升所需總次數 | D9: =IF(B8=1,5,IF(B8=2,15,IF(B8=3,35,IF(B8=4,"—","—")))) | E9: 距離晉升剩餘 | F9: =IF(B8=1,MAX(0,5-B9),IF(B8=2,MAX(0,15-B9),IF(B8=3,MAX(0,35-B9),IF(B8=4,"不可晉升","已達頂"))))
A10: 特殊能力 | B10: =IF(B8=3,"冷靜頭腦：每任務可重擲一次壓力檢定",IF(B8=4,"專業直覺：準備階段獲一條額外情報線索",IF(B8=5,"傳奇意志：免疫崩潰，壓力鎖定9，最後一搏","無")))
A12: 專長
A13: 主專長（SPC） | B13: 醫療 | C13: 次專長（SPC） | D13: 交涉 | E13: 專長加值 | F13: =5+IF(OR(D13="無",D13=""),0,IF(D13=B13,5,3))
A15: 心理與存在
A16: 心理狀態（MS） | B16: 穩定 | C16: 壓力值（STR） | D16: 2 | E16: 存在感（EXI） | F16: 10
A17: 壓力惡化提示 | B17: =IF(D16>=8,"⚠ 接近崩潰",IF(D16>=5,"緊張累積中","穩定"))
A19: 合約
A20: 合約類型（CNT） | B20: 資深合約 | C20: 週薪 | D20: 140 | E20: 剩餘回合 | F20: 0
A21: 特殊條款 | B21: 已簽長期服務協議
A23: 當前狀態（ST）
A24: ■ 待命中 □ 任務中 □ 負傷(輕/中/重) □ 失蹤 □ 死亡
A25: 背景摘要
A26: 前戰地醫生。見過的傷口比大多數戰鬥探險員還多。有辦法在五分鐘內讓任何人冷靜下來。
A28: 特殊能力詳述 / 備註
A29: 冷靜頭腦：每任務可重擲一次壓力檢定（資深特殊能力）。雙專長：醫療+5、交涉+3。
A31: 使用說明
A32: 1. 紫色底色為自動計算欄；白色為手動填寫欄。
A33: 2. 存在感（EXI）初始 10，遭遇「空洞」每 10 分鐘 −1，歸零者從所有人記憶消失（GM §2.11）。
A34: 3. 心理狀態：穩定/緊張/創傷/崩潰；壓力值 0–10 累積觸發惡化（見 §4.4）。
A35: 4. 招募產出來自 GM 附錄 C 的 100 人探險員池；范例外觀請參見本檔「範例」分頁。

Sheet 探險員池
A1: 序號 | B1: 姓名 | C1: 性別 | D1: 年齡 | E1: 編號 | F1: 部門 | G1: 經驗等級 | H1: 主專長 | I1: 次專長 | J1: 背景
A2: 1 | B2: 陳曉明 | C2: 男 | D2: 22 | E2: E-0001 | F2: 第七支部 | G2: 1 | H2: 戰鬥 | I2: 無 | J2: 剛從軍事學院畢業的年輕人，充滿理想。以為後室只是另一個訓練場。
A3: 2 | B3: 林雨晴 | C3: 女 | D3: 24 | E3: E-0002 | F3: 第七支部 | G3: 1 | H3: 醫療 | I3: 無 | J3: 曾是急診室護士，誤入後室後被管理局收編。手很穩。
A4: 3 | B4: 張志剛 | C4: 男 | D4: 28 | E4: E-0003 | F4: 第七支部 | G4: 1 | H4: 工程 | I4: 無 | J4: 前建築工人，在後室中發現自己對結構異常的直覺特別敏銳。
A5: 4 | B5: 王美玲 | C5: 女 | D5: 21 | E5: E-0004 | F5: 第七支部 | G5: 1 | H5: 偵察 | I5: 無 | J5: 前田徑運動員，安靜、快速、不喜歡人多的地方——在後室中這些全是優點。
A6: 5 | B6: 黃國強 | C6: 男 | D6: 25 | E6: E-0005 | F6: 第七支部 | G6: 1 | H6: 戰鬥 | I6: 無 | J6: 退伍軍人，話不多。手臂上有一道還沒癒合的抓痕——他不願意說是怎麼來的。
A7: 6 | B7: 李心潔 | C7: 女 | D7: 23 | E7: E-0006 | F7: 第七支部 | G7: 1 | H7: 交涉 | I7: 無 | J7: 前銷售人員。她說服的東西從保險到生存機率。笑容比杏仁水還有安撫作用。
A8: 7 | B8: 劉建宏 | C8: 男 | D8: 26 | E8: E-0007 | F8: 第七支部 | G8: 1 | H8: 工程 | I8: 無 | J8: 電子工程師，對後室中的電磁異常充滿病態的好奇心。
A9: 8 | B9: 趙雅文 | C9: 女 | D9: 20 | E9: E-0008 | F9: 第七支部 | G9: 1 | H9: 偵察 | I9: 無 | J9: 前街頭攝影師，對環境細節的觀察力近乎偏執。
A10: 9 | B10: 吳俊傑 | C10: 男 | D10: 27 | E10: E-0009 | F10: 第七支部 | G10: 1 | H10: 醫療 | I10: 無 | J10: 獸醫轉行。他說動物的身體和人類的差不多——在被實體攻擊後，差不多。
A11: 10 | B11: 周思涵 | C11: 女 | D11: 22 | E11: E-0010 | F11: 第七支部 | G11: 1 | H11: 交涉 | I11: 無 | J11: 人類學學生，在進行田野調查時誤入後室。她把每次任務當作「田野調查」。
A12: 11 | B12: 孫志遠 | C12: 男 | D12: 23 | E12: E-0011 | F12: 第七支部 | G12: 1 | H12: 戰鬥 | I12: 無 | J12: 前保全人員，第一次進後室就救了一個小孩。從此走不了。
A13: 12 | B13: 何雅婷 | C13: 女 | D13: 22 | E13: E-0012 | F13: 第七支部 | G13: 1 | H13: 醫療 | I13: 無 | J13: 護校實習生，比同齡人更早學會不看病人的眼睛說謊。
... A101: 100 | B101: 「零號」實驗體 | C101: 不詳 | D101: 30 | E101: E-0100 | F101: 第七支部 | G101: 3 | H101: 偵察 | I101: 醫療 | J101: 來歷不明，曾在某個實驗中倖存。他能感應到實體的情緒。多數人不敢直視他的眼睛。
