Workbook

Sheet Read Me
A1: The Backrooms Administration Bureau TRPG — Blank Explorer Character Sheet
A3: This file provides a standalone Excel character sheet template for Explorers, matching the fields of Appendix B in the Player Rulebook.
A4: Tab Guide:
A5: • Blank Explorer Character Sheet — unfilled template; purple fields auto-calculate from input.
A6: • Sample_Lin Yuqing — Trainee (EL1) Medical Explorer, showing basic fields.
A7: • Sample_Xu Shuhua — Veteran (EL3) Medical/Negotiation dual specialty, showing secondary specialty and special abilities.
A9: Auto-calculated fields: rank name, mission bonus, promotion remaining, special ability, specialty bonus, stress/presence hints.
A10: Related rules: Experience Level §4.2, Five Specialties §4.3, Mental State §4.4, Contract §4.5, Status Effects §4.7, Presence §4.8; GM version see §2.9–§2.11.
A11: Recruitment source: GM Appendix C (100-person Explorer generation pool).

Sheet Random Draw
A1: The Backrooms Administration Bureau — Random Explorer Draw
A2: Drawn Number (press F9 to redraw) | B2: =RANDBETWEEN(2,101)
A3: Basic Info | H3: How to Use
A4: Name | B4: =INDEX('探險員池'!B:B,$B$2) | C4: Gender | D4: =INDEX('探險員池'!C:C,$B$2) | E4: Age | F4: =INDEX('探險員池'!D:D,$B$2) | H4: 1. This tab randomly draws one Explorer from the hidden 「Explorer Pool」 sheet (100 total).
A5: ID | B5: =INDEX('探險員池'!E:E,$B$2) | C5: Department | D5: =INDEX('探險員池'!F:F,$B$2) | E5: Status (ST) | F5: On Standby | H5: 2. The drawn number (B2) uses =RANDBETWEEN(2,101); fields are auto-filled via INDEX, no manual entry needed.
H6: 3. This workbook's 「Calculation Options」 is set to 「Manual」: editing other cells will not auto-redraw.
A7: Experience & Growth | H7: 4. To change → press F9 (or 「Formulas」 tab 「Calculate Now」) to redraw.
A8: Experience Level (EL) | B8: =INDEX('探險員池'!G:G,$B$2) | C8: Rank Name | D8: =IF(B8=1,"見習",IF(B8=2,"正式",IF(B8=3,"資深",IF(B8=4,"菁英",IF(B8=5,"傳奇",""))))) | E8: Mission Bonus | F8: =IF(B8=1,5,IF(B8=2,10,IF(B8=3,15,IF(B8=4,20,IF(B8=5,25,0))))) | H8: 5. If satisfied → select the card area (A1:F30), copy → 「Paste Special → Values」 to lock, then fill contract weekly salary / remaining turns and save as.
A9: Missions Completed | B9: 0 | C9: Total Promotions Needed | D9: =IF(B8=1,5,IF(B8=2,20,IF(B8=3,50,IF(B8=4,"—","—")))) | E9: Promotion Remaining | F9: =IF(B8=1,MAX(0,5-B9),IF(B8=2,MAX(0,20-B9),IF(B8=3,MAX(0,50-B9),IF(B8=4,"不可晉升","已達頂")))) | H9: 6. Purple background = auto-calculated/imported fields; yellow background = draw control; white = manual entry fields.
A10: Special Ability | B10: =IF(B8=3,"冷靜頭腦：每任務可重擲一次壓力檢定",IF(B8=4,"專業直覺：準備階段獲一條額外情報線索",IF(B8=5,"傳奇意志：免疫崩潰，壓力鎖定9，最後一搏","無"))) | H10: 7. Data source: GM Rulebook Appendix C (100-person Explorer generation pool). Special 「dual primary specialty」 holders show 「None」 in secondary specialty.
A12: Specialty
A13: Primary Specialty (SPC) | B13: =INDEX('探險員池'!H:H,$B$2) | C13: Secondary Specialty (SPC) | D13: =INDEX('探險員池'!I:I,$B$2) | E13: Specialty Bonus | F13: =5+IF(OR(D13="無",D13=""),0,3)
A15: Mind & Presence
A16: Mental State (MS) | B16: Stable | C16: Stress Value (STR) | D16: 0 | E16: Presence (EXI) | F16: 10
A17: Stress Worsening Hint | B17: =IF(D16>=8,"⚠ 接近崩潰",IF(D16>=5,"緊張累積中","穩定"))
A19: Contract
A20: Contract Type (CNT) | B20: =IF(B8=1,"見習合約",IF(B8=3,"資深合約",IF(B8=4,"菁英合約","特殊合約"))) | C20: Weekly Salary | D20: (fill in) | E20: Remaining Turns | F20: (fill in)
A21: Special Terms | B21: (fill in)
A23: Current Status (ST)
A24: ■ On Standby □ On Mission □ Wounded (Light/Moderate/Severe) □ Missing □ Dead
A25: Background Summary
A26: =INDEX('探險員池'!J:J,$B$2)
A28: Special Ability Details / Notes
A29: (by rank see B10; Status Effects see Player Rulebook §4.7 / GM §2.10; Presence rules see GM §2.11)

Sheet Blank Explorer Character Sheet
A1: The Backrooms Administration Bureau — Explorer Character Sheet
A3: Basic Info
A4: Name | B4: (fill in) | C4: Gender | D4: (fill in) | E4: Age | F4: (fill in)
A5: ID | B5: (fill in) | C5: Department | D5: (fill in) | E5: Status (ST) | F5: On Standby
A7: Experience & Growth
A8: Experience Level (EL) | B8: (1-5) | C8: Rank Name | D8: =IF(B8=1,"見習",IF(B8=2,"正式",IF(B8=3,"資深",IF(B8=4,"菁英",IF(B8=5,"傳奇",""))))) | E8: Mission Bonus | F8: =IF(B8=1,5,IF(B8=2,10,IF(B8=3,15,IF(B8=4,20,IF(B8=5,25,0)))))
A9: Missions Completed | B9: (fill in) | C9: Total Promotions Needed | D9: =IF(B8=1,5,IF(B8=2,15,IF(B8=3,35,IF(B8=4,"—","—")))) | E9: Promotion Remaining | F9: =IF(B8=1,MAX(0,5-B9),IF(B8=2,MAX(0,15-B9),IF(B8=3,MAX(0,35-B9),IF(B8=4,"不可晉升","已達頂"))))
A10: Special Ability | B10: =IF(B8=3,"冷靜頭腦：每任務可重擲一次壓力檢定",IF(B8=4,"專業直覺：準備階段獲一條額外情報線索",IF(B8=5,"傳奇意志：免疫崩潰，壓力鎖定9，最後一搏","無")))
A12: Specialty
A13: Primary Specialty (SPC) | B13: (fill in) | C13: Secondary Specialty (SPC) | D13: (none / fill in) | E13: Specialty Bonus | F13: =5+IF(OR(D13="無",D13=""),0,IF(D13=B13,5,3))
A15: Mind & Presence
A16: Mental State (MS) | B16: Stable | C16: Stress Value (STR) | D16: 0 | E16: Presence (EXI) | F16: 10
A17: Stress Worsening Hint | B17: =IF(D16>=8,"⚠ 接近崩潰",IF(D16>=5,"緊張累積中","穩定"))
A19: Contract
A20: Contract Type (CNT) | B20: (fill in) | C20: Weekly Salary | D20: (fill in) | E20: Remaining Turns | F20: (fill in)
A21: Special Terms | B21: (fill in)
A23: Current Status (ST)
A24: □ On Standby □ On Mission □ Wounded (Light/Moderate/Severe) □ Missing □ Dead
A25: Background Summary
A26: (fill in background info)
A28: Special Ability Details / Notes
A29: (by rank see F10 or Player Rulebook §4.2; Status Effects see §4.7 / GM §2.10)
A31: Instructions
A32: 1. Purple background = auto-calculated fields; white = manual entry fields.
A33: 2. Presence (EXI) starts at 10; encountering 「The Hollow」 loses 1 every 10 minutes; the Erased vanish from all memories (GM §2.11).
A34: 3. Mental State: Stable / Nervous / Trauma / Breakdown; Stress Value 0–10 accumulates to trigger worsening (see §4.4).
A35: 4. Recruitment output comes from the 100-person Explorer Pool in GM Appendix C; for sample appearances see the 「Sample」 tabs in this file.

Sheet Sample_Lin Yuqing
A1: The Backrooms Administration Bureau — Explorer Character Sheet
A3: Basic Info
A4: Name | B4: Lin Yuqing | C4: Gender | D4: Female | E4: Age | F4: 24
A5: ID | B5: E-0021 | C5: Department | D5: Seventh Branch | E5: Status (ST) | F5: On Standby
A7: Experience & Growth
A8: Experience Level (EL) | B8: 1 | C8: Rank Name | D8: =IF(B8=1,"見習",IF(B8=2,"正式",IF(B8=3,"資深",IF(B8=4,"菁英",IF(B8=5,"傳奇",""))))) | E8: Mission Bonus | F8: =IF(B8=1,5,IF(B8=2,10,IF(B8=3,15,IF(B8=4,20,IF(B8=5,25,0)))))
A9: Missions Completed | B9: 0 | C9: Total Promotions Needed | D9: =IF(B8=1,5,IF(B8=2,15,IF(B8=3,35,IF(B8=4,"—","—")))) | E9: Promotion Remaining | F9: =IF(B8=1,MAX(0,5-B9),IF(B8=2,MAX(0,15-B9),IF(B8=3,MAX(0,35-B9),IF(B8=4,"不可晉升","已達頂"))))
A10: Special Ability | B10: =IF(B8=3,"冷靜頭腦：每任務可重擲一次壓力檢定",IF(B8=4,"專業直覺：準備階段獲一條額外情報線索",IF(B8=5,"傳奇意志：免疫崩潰，壓力鎖定9，最後一搏","無")))
A12: Specialty
A13: Primary Specialty (SPC) | B13: Medical | C13: Secondary Specialty (SPC) | D13: None | E13: Specialty Bonus | F13: =5+IF(OR(D13="無",D13=""),0,IF(D13=B13,5,3))
A15: Mind & Presence
A16: Mental State (MS) | B16: Stable | C16: Stress Value (STR) | D16: 0 | E16: Presence (EXI) | F16: 10
A17: Stress Worsening Hint | B17: =IF(D16>=8,"⚠ 接近崩潰",IF(D16>=5,"緊張累積中","穩定"))
A19: Contract
A20: Contract Type (CNT) | B20: Trainee Contract | C20: Weekly Salary | D20: 60 | E20: Remaining Turns | F20: 12
A21: Special Terms | B21: Basic medical duty, no special terms
A23: Current Status (ST)
A24: ■ On Standby □ On Mission □ Wounded (Light/Moderate/Severe) □ Missing □ Dead
A25: Background Summary
A26: Former ER nurse, conscripted by The Bureau after wandering into The Backrooms. Steady hands.
A28: Special Ability Details / Notes
A29: No special ability yet as a rookie; Medical specialty +5, can reduce an ally's injury by one level in missions (battlefield first aid).
A31: Instructions
A32: 1. Purple background = auto-calculated fields; white = manual entry fields.
A33: 2. Presence (EXI) starts at 10; encountering 「The Hollow」 loses 1 every 10 minutes; the Erased vanish from all memories (GM §2.11).
A34: 3. Mental State: Stable / Nervous / Trauma / Breakdown; Stress Value 0–10 accumulates to trigger worsening (see §4.4).
A35: 4. Recruitment output comes from the 100-person Explorer Pool in GM Appendix C; for sample appearances see the 「Sample」 tabs in this file.

Sheet Sample_Xu Shuhua
A1: The Backrooms Administration Bureau — Explorer Character Sheet
A3: Basic Info
A4: Name | B4: Xu Shuhua | C4: Gender | D4: Female | E4: Age | F4: 31
A5: ID | B5: E-0007 | C5: Department | D5: Seventh Branch | E5: Status (ST) | F5: On Standby
A7: Experience & Growth
A8: Experience Level (EL) | B8: 3 | C8: Rank Name | D8: =IF(B8=1,"見習",IF(B8=2,"正式",IF(B8=3,"資深",IF(B8=4,"菁英",IF(B8=5,"傳奇",""))))) | E8: Mission Bonus | F8: =IF(B8=1,5,IF(B8=2,10,IF(B8=3,15,IF(B8=4,20,IF(B8=5,25,0)))))
A9: Missions Completed | B9: 23 | C9: Total Promotions Needed | D9: =IF(B8=1,5,IF(B8=2,15,IF(B8=3,35,IF(B8=4,"—","—")))) | E9: Promotion Remaining | F9: =IF(B8=1,MAX(0,5-B9),IF(B8=2,MAX(0,15-B9),IF(B8=3,MAX(0,35-B9),IF(B8=4,"不可晉升","已達頂"))))
A10: Special Ability | B10: =IF(B8=3,"冷靜頭腦：每任務可重擲一次壓力檢定",IF(B8=4,"專業直覺：準備階段獲一條額外情報線索",IF(B8=5,"傳奇意志：免疫崩潰，壓力鎖定9，最後一搏","無")))
A12: Specialty
A13: Primary Specialty (SPC) | B13: Medical | C13: Secondary Specialty (SPC) | D13: Negotiation | E13: Specialty Bonus | F13: =5+IF(OR(D13="無",D13=""),0,IF(D13=B13,5,3))
A15: Mind & Presence
A16: Mental State (MS) | B16: Stable | C16: Stress Value (STR) | D16: 2 | E16: Presence (EXI) | F16: 10
A17: Stress Worsening Hint | B17: =IF(D16>=8,"⚠ 接近崩潰",IF(D16>=5,"緊張累積中","穩定"))
A19: Contract
A20: Contract Type (CNT) | B20: Veteran Contract | C20: Weekly Salary | D20: 140 | E20: Remaining Turns | F20: 0
A21: Special Terms | B21: Long-term service agreement signed
A23: Current Status (ST)
A24: ■ On Standby □ On Mission □ Wounded (Light/Moderate/Severe) □ Missing □ Dead
A25: Background Summary
A26: Former field doctor. Has seen more wounds than most combat Explorers. Can calm anyone down within five minutes.
A28: Special Ability Details / Notes
A29: Cool Head: can reroll one Stress Check per mission (Veteran special ability). Dual specialty: Medical +5, Negotiation +3.
A31: Instructions
A32: 1. Purple background = auto-calculated fields; white = manual entry fields.
A33: 2. Presence (EXI) starts at 10; encountering 「The Hollow」 loses 1 every 10 minutes; the Erased vanish from all memories (GM §2.11).
A34: 3. Mental State: Stable / Nervous / Trauma / Breakdown; Stress Value 0–10 accumulates to trigger worsening (see §4.4).
A35: 4. Recruitment output comes from the 100-person Explorer Pool in GM Appendix C; for sample appearances see the 「Sample」 tabs in this file.

Sheet Explorer Pool
A1: No. | B1: Name | C1: Gender | D1: Age | E1: ID | F1: Department | G1: Exp. Level | H1: Primary Specialty | I1: Secondary Specialty | J1: Background
A2: 1 | B2: Chen Xiaoming | C2: Male | D2: 22 | E2: E-0001 | F2: Seventh Branch | G2: 1 | H2: Combat | I2: None | J2: A young man just graduated from military academy, full of ideals. Thought The Backrooms was just another training ground.
A3: 2 | B3: Lin Yuqing | C3: Female | D3: 24 | E3: E-0002 | F3: Seventh Branch | G3: 1 | H3: Medical | I3: None | J3: Former ER nurse, conscripted by The Bureau after wandering into The Backrooms. Steady hands.
A4: 3 | B4: Zhang Zhigang | C4: Male | D4: 28 | E4: E-0003 | F4: Seventh Branch | G4: 1 | H4: Engineering | I4: None | J4: Former construction worker who discovered in The Backrooms a particularly sharp intuition for structural anomalies.
A5: 4 | B5: Wang Meiling | C5: Female | D5: 21 | E5: E-0004 | F5: Seventh Branch | G5: 1 | H5: Reconnaissance | I5: None | J5: Former track athlete, quiet, fast, dislikes crowded places—all advantages in The Backrooms.
A6: 5 | B6: Huang Guoqiang | C6: Male | D6: 25 | E6: E-0005 | F6: Seventh Branch | G6: 1 | H6: Combat | I6: None | J6: Retired soldier, a man of few words. A still-unhealed scratch on his arm—he will not say how it got there.
A7: 6 | B7: Li Xinjie | C7: Female | D7: 23 | E7: E-0006 | F7: Seventh Branch | G7: 1 | H7: Negotiation | I7: None | J7: Former salesperson. She has persuaded everything from insurance to survival odds. Her smile is more soothing than Almond Water.
A8: 7 | B8: Liu Jianhong | C8: Male | D8: 26 | E8: E-0007 | F8: Seventh Branch | G8: 1 | H8: Engineering | I8: None | J8: Electronics engineer, morbidly curious about the electromagnetic anomalies of The Backrooms.
A9: 8 | B9: Zhao Yawen | C9: Female | D9: 20 | E9: E-0008 | F9: Seventh Branch | G9: 1 | H9: Reconnaissance | I9: None | J9: Former street photographer, nearly obsessive in noticing environmental detail.
A10: 9 | B10: Wu Junjie | C10: Male | D10: 27 | E10: E-0009 | F10: Seventh Branch | G10: 1 | H10: Medical | I10: None | J10: Veterinarian by trade. He says animal bodies are much like human ones—and after an Entity attack, much the same.
A11: 10 | B11: Zhou Sihan | C11: Female | D11: 22 | E11: E-0010 | F11: Seventh Branch | G11: 1 | H11: Negotiation | I11: None | J11: Anthropology student who wandered into The Backrooms during fieldwork. She treats every mission as 「fieldwork」.
A12: 11 | B12: Sun Zhiyuan | C12: Male | D12: 23 | E12: E-0011 | F12: Seventh Branch | G12: 1 | H12: Combat | I12: None | J12: Former security guard who saved a child on his first trip into The Backrooms. He could never leave after that.
A13: 12 | B13: He Yating | C13: Female | D13: 22 | E13: E-0012 | F13: Seventh Branch | G13: 1 | H13: Medical | I13: None | J13: Nursing student who learned earlier than her peers to lie without looking patients in the eye.
... A101: 100 | B101: 「Subject Zero」 | C101: Unknown | D101: 30 | E101: E-0100 | F101: Seventh Branch | G101: 3 | H101: Reconnaissance | I101: Medical | J101: Origin unknown, survived some experiment. He can sense Entity emotions. Most dare not meet his eyes.
